Fixed-Rate,Flex-Rate,Shannon-Rate
84.76648000000002,375.5951999999999,551.59514
