Fixed-Rate,Flex-Rate,Shannon-Rate
16.343695124594213,17.71041049873793,17.71041049873793
