Fixed-Rate,Flex-Rate,Shannon-Rate
21.123600850833267,21.30049654842757,21.464772849866467
