Fixed-Rate,Flex-Rate,Shannon-Rate
0.0030397586915711,0.002900350899671,0.0027953004649669826
