Fixed-Rate,Flex-Rate,Shannon-Rate
21.0762728222914,21.07761081595661,21.217238634896567
