Fixed-Rate,Flex-Rate,Shannon-Rate
16.459728843435077,17.482540602838487,17.482540602838487
