Fixed-Rate,Flex-Rate,Shannon-Rate
0.0029013813228584,0.0028975541050179,0.002804135788281374
