Fixed-Rate,Flex-Rate,Shannon-Rate
26.361787306383565,26.361787306383565,26.361787306383565
