Fixed-Rate,Flex-Rate,Shannon-Rate
0.0030039700442507,0.0028917089995655,0.002794838395206266
