Fixed-Rate,Flex-Rate,Shannon-Rate
21.167052769742565,21.318317409811897,21.454168715207846
