Fixed-Rate,Flex-Rate,Shannon-Rate
16.0903795502745,17.71041049873793,17.71041049873793
